fold,best_val_roc_auc
1,0.9959969890831173
2,0.9962871515741122
3,0.9978776576421259
4,0.9972417245965434
5,0.9979569328054481
