{
    "accuracy": 0.8404466501240695,
    "precision": 0.9893009985734664,
    "recall": 0.6883374689826303,
    "f1_score": 0.8118232367573895,
    "mcc": 0.7147718234132532,
    "specificity": 0.9925558312655087,
    "roc_auc": 0.969287662629534,
    "pr_auc": 0.9731482131897992,
    "confusion_matrix": [
        [
            2000,
            15
        ],
        [
            628,
            1387
        ]
    ]
}