{
    "accuracy": 0.8771712158808933,
    "precision": 0.9804045512010113,
    "recall": 0.7697270471464019,
    "f1_score": 0.8623853211009175,
    "mcc": 0.7723864416319995,
    "specificity": 0.9846153846153847,
    "roc_auc": 0.9442385582079812,
    "pr_auc": 0.9590064789644959,
    "confusion_matrix": [
        [
            1984,
            31
        ],
        [
            464,
            1551
        ]
    ]
}